City,Country,Latitude,Longitude,Date,Wind_Speed,Pressure,Humidity,Temperature,Cloudiness
Aklavik,CA,68.2191,-135.0107,1650734740.0,9.22,1013.0,63.0,23.0,0.0
Mount Gambier,AU,-37.8333,140.7667,1650734913.0,5.75,1032.0,93.0,46.31,0.0
Niquelândia,BR,-14.4739,-48.4597,1650734914.0,5.03,1011.0,38.0,89.44,84.0
Coquimbo,CL,-29.9533,-71.3436,1650734916.0,13.8,1013.0,88.0,58.73,75.0
Port Elizabeth,ZA,-33.918,25.5701,1650734847.0,3.44,1016.0,96.0,62.31,75.0
George,ZA,-33.963,22.4617,1650734918.0,2.3,1016.0,94.0,56.75,100.0
Hermanus,ZA,-34.4187,19.2345,1650734918.0,9.78,1018.0,68.0,59.81,31.0
Punta Arenas,CL,-53.15,-70.9167,1650734915.0,9.22,977.0,87.0,46.42,100.0
Carnarvon,AU,-24.8667,113.6333,1650734922.0,5.75,1012.0,88.0,69.87,0.0
barentsburg,,,,,,,,,
Benguela,AO,-12.5763,13.4055,1650734924.0,5.88,1008.0,85.0,77.67,99.0
cazaje,,,,,,,,,
Yellowknife,CA,62.456,-114.3525,1650734628.0,6.91,1028.0,63.0,19.92,0.0
Mar del Plata,AR,-38.0023,-57.5575,1650734924.0,28.77,999.0,49.0,74.95,0.0
Kapaa,US,22.0752,-159.319,1650734929.0,13.8,1020.0,89.0,75.18,20.0
Mitsamiouli,KM,-11.3847,43.2844,1650734931.0,11.41,1011.0,74.0,80.74,100.0
Ushuaia,AR,-54.8,-68.3,1650734932.0,9.22,980.0,66.0,46.06,75.0
São João da Barra,BR,-21.6403,-41.0511,1650734933.0,8.66,1010.0,60.0,93.29,4.0
tsihombe,,,,,,,,,
Porbandar,IN,21.6422,69.6093,1650734936.0,13.24,1010.0,63.0,83.91,0.0
Martapura,ID,-3.4167,114.85,1650734937.0,1.14,1008.0,100.0,77.09,75.0
Busselton,AU,-33.65,115.3333,1650734939.0,12.86,1021.0,65.0,59.99,20.0
Grindavik,IS,63.8424,-22.4338,1650734940.0,5.75,1032.0,76.0,46.87,100.0
Torbay,CA,47.6666,-52.7314,1650734941.0,14.97,1013.0,82.0,42.28,100.0
Şırnak,TR,37.5228,42.4594,1650734943.0,1.68,1011.0,39.0,57.99,98.0
linapacan,,,,,,,,,
Maracaçumé,BR,-2.0428,-45.9592,1650734945.0,0.94,1011.0,95.0,76.32,100.0
Saint-Philippe,RE,-21.3585,55.7679,1650734947.0,12.57,1020.0,75.0,74.79,42.0
Bluff,NZ,-46.6,168.3333,1650734945.0,22.64,1008.0,81.0,51.8,100.0
Shache,CN,38.4167,77.2406,1650734949.0,8.77,1007.0,26.0,74.71,26.0
São Gabriel da Cachoeira,BR,-0.1303,-67.0892,1650734951.0,4.61,1009.0,62.0,89.4,40.0
Kiryat Gat,IL,31.61,34.7642,1650734938.0,4.25,1006.0,100.0,73.4,22.0
Hong Kong,HK,22.2855,114.1577,1650734410.0,4.0,1010.0,89.0,78.96,11.0
Cabo San Lucas,MX,22.8909,-109.9124,1650734855.0,6.91,1009.0,63.0,81.7,0.0
Vaini,TO,-21.2,-175.2,1650734946.0,0.0,1011.0,100.0,66.36,75.0
Pevek,RU,69.7008,170.3133,1650734950.0,2.42,1011.0,98.0,5.43,99.0
Mataura,NZ,-46.1927,168.8643,1650734958.0,6.89,1008.0,98.0,51.48,100.0
Rocha,UY,-34.4833,-54.3333,1650734959.0,10.8,1007.0,27.0,70.02,0.0
Suntar,RU,62.1444,117.6319,1650734961.0,2.44,1010.0,95.0,20.52,93.0
Kandi,BJ,11.1342,2.9386,1650734962.0,3.27,1002.0,13.0,105.03,93.0
Khatanga,RU,71.9667,102.5,1650734963.0,2.35,1014.0,100.0,-9.15,21.0
toliary,,,,,,,,,
Oddur,SO,4.1213,43.8894,1650734966.0,12.57,1008.0,38.0,87.64,100.0
Atuona,PF,-9.8,-139.0333,1650734904.0,14.14,1014.0,75.0,78.91,18.0
Karratha,AU,-20.7377,116.8463,1650734949.0,6.73,1011.0,43.0,80.94,6.0
miranorte,,,,,,,,,
Pahrump,US,36.2083,-115.9839,1650734752.0,13.0,1018.0,25.0,62.94,12.0
Sur,OM,22.5667,59.5289,1650734972.0,6.53,1009.0,45.0,87.31,19.0
Cape Town,ZA,-33.9258,18.4232,1650734973.0,18.41,1017.0,64.0,59.41,0.0
Tuktoyaktuk,CA,69.4541,-133.0374,1650734975.0,12.66,1014.0,67.0,17.6,0.0
George Town,MY,5.4112,100.3354,1650734773.0,4.61,1008.0,88.0,84.13,20.0
Brae,GB,60.3964,-1.353,1650734977.0,15.41,1022.0,83.0,47.7,94.0
Saint George,US,37.1041,-113.5841,1650734979.0,5.01,1022.0,44.0,60.64,0.0
Vardø,NO,70.3705,31.1107,1650734980.0,19.82,1021.0,91.0,37.76,100.0
Yar-Sale,RU,66.8333,70.8333,1650734982.0,5.84,1023.0,99.0,-3.14,63.0
Guamal,CO,9.1433,-74.2238,1650734983.0,1.92,1011.0,64.0,85.33,77.0
Ulaangom,MN,49.9811,92.0667,1650734984.0,3.56,1008.0,38.0,40.68,3.0
Olinda,BR,-8.0089,-34.8553,1650734986.0,14.97,1010.0,74.0,83.93,75.0
Geraldton,AU,-28.7667,114.6,1650734955.0,20.71,1014.0,37.0,70.21,42.0
Clyde River,CA,70.4692,-68.5914,1650734988.0,0.0,1030.0,71.0,-0.17,0.0
umzimvubu,,,,,,,,,
Rānāpur,IN,22.65,74.5333,1650734991.0,10.29,1009.0,17.0,90.25,7.0
Mehamn,NO,71.0357,27.8492,1650734992.0,17.4,1020.0,95.0,38.62,100.0
Bereket,TM,39.2446,55.5154,1650734993.0,11.32,1017.0,47.0,70.05,11.0
Waitati,NZ,-45.75,170.5667,1650734995.0,9.1,1007.0,80.0,53.8,100.0
nizhneyansk,,,,,,,,,
Airai,TL,-8.9266,125.4092,1650734939.0,2.28,1011.0,73.0,59.02,22.0
Solnechnyy,RU,50.7214,136.6319,1650734998.0,4.07,1000.0,98.0,30.27,100.0
Paka,MY,4.6374,103.4368,1650735000.0,0.0,1009.0,94.0,78.73,41.0
Bundaberg,AU,-24.85,152.35,1650735002.0,11.5,1020.0,96.0,66.49,75.0
Rome,US,43.2128,-75.4557,1650734899.0,8.05,1026.0,41.0,55.54,100.0
Cherskiy,RU,68.75,161.3,1650734945.0,2.15,1011.0,97.0,10.35,98.0
Sinnamary,GF,5.3833,-52.95,1650734947.0,4.14,1011.0,85.0,79.34,98.0
Port Alfred,ZA,-33.5906,26.891,1650735007.0,8.14,1014.0,96.0,61.18,100.0
Shihezi,CN,44.3,86.0333,1650735009.0,8.19,1011.0,34.0,61.38,2.0
Narsaq,GL,60.9167,-46.05,1650734948.0,4.47,1029.0,94.0,46.62,100.0
Alofi,NU,-19.0595,-169.9187,1650735011.0,1.14,1010.0,94.0,71.49,28.0
Jamestown,US,42.097,-79.2353,1650735013.0,7.0,1023.0,43.0,65.95,100.0
Saskylakh,RU,71.9167,114.0833,1650735014.0,2.71,1017.0,100.0,-12.87,83.0
Hambantota,LK,6.1241,81.1185,1650734926.0,3.91,1010.0,80.0,80.96,98.0
Conde,BR,-7.2597,-34.9075,1650734777.0,10.36,1010.0,84.0,83.66,75.0
Saint Paul Harbor,US,57.79,-152.4072,1650735018.0,13.8,1000.0,81.0,42.31,100.0
Waipawa,NZ,-41.4122,175.5153,1650735019.0,5.61,1010.0,87.0,46.26,15.0
Rikitea,PF,-23.1203,-134.9692,1650734954.0,4.43,1017.0,74.0,75.07,100.0
Castro,BR,-24.7911,-50.0119,1650735022.0,9.64,1010.0,86.0,65.64,100.0
Shemonaīkha,KZ,50.6328,81.9056,1650735023.0,2.55,1017.0,52.0,35.91,3.0
illoqqortoormiut,,,,,,,,,
Nichinan,JP,31.6,131.3667,1650734963.0,11.14,1011.0,97.0,64.04,100.0
lolua,,,,,,,,,
Ikryanoye,RU,46.0932,47.7308,1650735028.0,7.63,1017.0,62.0,53.58,63.0
Kayerkan,RU,69.3497,87.7602,1650735030.0,1.79,1016.0,100.0,-5.17,93.0
Arlit,NE,18.7369,7.3853,1650735012.0,10.38,1004.0,9.0,95.72,56.0
Naliya,IN,23.2667,68.8333,1650735032.0,9.4,1010.0,73.0,80.8,50.0
Kiunga,PG,-6.1219,141.2906,1650735034.0,1.07,1008.0,100.0,73.42,100.0
satitoa,,,,,,,,,
Port Moresby,PG,-9.4431,147.1797,1650735036.0,5.75,1007.0,94.0,74.62,20.0
Broome,US,42.2506,-75.833,1650735038.0,4.61,1026.0,35.0,62.46,100.0
Coyhaique,CL,-45.5752,-72.0662,1650735004.0,5.75,987.0,71.0,47.01,100.0
taolanaro,,,,,,,,,
belushya guba,,,,,,,,,
Dikson,RU,73.5069,80.5464,1650734874.0,6.15,1016.0,100.0,-4.4,98.0
Chui,UY,-33.6971,-53.4616,1650735044.0,9.95,1008.0,35.0,68.14,0.0
Puerto Asís,CO,0.5133,-76.5007,1650735045.0,3.33,1007.0,84.0,83.07,45.0
Qandala,SO,11.472,49.8728,1650734998.0,7.58,1009.0,63.0,85.96,67.0
Dhanwār,IN,24.4167,85.9833,1650735048.0,6.08,1005.0,16.0,88.12,0.0
Xinxiang,CN,35.3089,113.8672,1650735050.0,3.8,1006.0,64.0,65.55,66.0
Rantauprapat,ID,2.1,99.8333,1650735051.0,2.13,1008.0,95.0,74.68,95.0
Jinka,ET,5.65,36.65,1650735052.0,4.27,1011.0,92.0,62.74,91.0
Sola,VU,-13.8833,167.55,1650735009.0,2.89,1009.0,68.0,82.22,99.0
Faanui,PF,-16.4833,-151.75,1650734982.0,4.7,1013.0,74.0,80.06,100.0
cockburn harbour,,,,,,,,,
Khvastovichi,RU,53.4694,35.0941,1650735057.0,4.45,1013.0,92.0,48.07,100.0
New Norfolk,AU,-42.7826,147.0587,1650734748.0,3.02,1031.0,78.0,49.5,84.0
Longyearbyen,SJ,78.2186,15.6401,1650735060.0,8.05,1017.0,79.0,21.04,75.0
Dingle,PH,10.9995,122.6711,1650734764.0,5.91,1009.0,87.0,77.18,45.0
Seguin,US,29.5688,-97.9647,1650735062.0,26.46,1012.0,61.0,84.29,100.0
Puerto Ayora,EC,-0.7393,-90.3518,1650734936.0,8.55,1013.0,80.0,76.96,31.0
Bambous Virieux,MU,-20.3428,57.7575,1650734985.0,17.27,1019.0,78.0,75.45,75.0
Provideniya,RU,64.3833,-173.3,1650734951.0,3.74,1009.0,69.0,23.34,16.0
Krasnosel'kup,RU,65.7,82.4667,1650734779.0,8.68,1019.0,97.0,4.8,100.0
Ixtapa,MX,20.7,-105.2,1650735068.0,10.36,1013.0,69.0,76.23,0.0
Te Anau,NZ,-45.4167,167.7167,1650734946.0,4.36,1010.0,91.0,51.06,100.0
Fare,PF,-16.7,-151.0167,1650735020.0,6.89,1013.0,76.0,79.81,96.0
Hammerfest,NO,70.6634,23.6821,1650735072.0,19.57,1022.0,100.0,37.85,100.0
Tasiilaq,GL,65.6145,-37.6368,1650735073.0,4.0,1029.0,92.0,42.96,81.0
Oblivskaya,RU,48.5362,42.5014,1650735075.0,4.45,1017.0,57.0,51.49,100.0
Hobart,AU,-42.8794,147.3294,1650735076.0,9.22,1028.0,85.0,49.86,92.0
Bredasdorp,ZA,-34.5322,20.0403,1650735078.0,8.08,1018.0,66.0,58.89,79.0
Mira,IT,45.4358,12.1348,1650735079.0,11.5,1007.0,87.0,59.47,75.0
Effium,NG,6.6292,8.0593,1650735080.0,10.8,1005.0,53.0,89.13,59.0
Pacific Grove,US,36.6177,-121.9166,1650735032.0,8.99,1023.0,75.0,60.35,0.0
samusu,,,,,,,,,
Olafsvik,IS,64.8945,-23.7142,1650734970.0,4.76,1032.0,85.0,46.29,46.0
Nikolskoye,RU,59.7035,30.7861,1650735085.0,10.11,1017.0,76.0,46.29,100.0
macaboboni,,,,,,,,,
São Filipe,CV,14.8961,-24.4956,1650735088.0,7.31,1012.0,73.0,75.18,4.0
Salalah,OM,17.0151,54.0924,1650734995.0,8.05,1011.0,79.0,84.29,20.0
Avarua,CK,-21.2078,-159.775,1650734947.0,11.5,1012.0,94.0,73.45,75.0
Nova Odessa,BR,-22.7775,-47.2958,1650735092.0,12.88,1011.0,49.0,85.21,64.0
San Patricio,US,28.017,-97.5169,1650735020.0,22.24,1013.0,65.0,84.92,94.0
Virginia Beach,US,36.8529,-75.978,1650734527.0,11.5,1027.0,53.0,78.85,40.0
Skibbereen,IE,51.55,-9.2667,1650735095.0,11.5,1008.0,81.0,53.11,63.0
Umm Kaddadah,SD,13.6017,26.6876,1650735097.0,9.73,1005.0,10.0,87.58,5.0
Tuatapere,NZ,-46.1333,167.6833,1650735098.0,11.52,1009.0,90.0,52.11,100.0
Sarangani,PH,5.4033,125.4636,1650735099.0,12.15,1006.0,71.0,82.54,100.0
Constitución,CL,-35.3333,-72.4167,1650735101.0,5.79,1014.0,79.0,59.41,100.0
Ribeira Grande,PT,38.5167,-28.7,1650734973.0,17.27,1010.0,63.0,61.2,40.0
Butaritari,KI,3.0707,172.7902,1650735103.0,15.7,1009.0,75.0,81.64,53.0
Nanortalik,GL,60.1432,-45.2371,1650735105.0,3.98,1029.0,98.0,35.33,100.0
Nouadhibou,MR,20.931,-17.0347,1650734940.0,19.57,1013.0,56.0,73.38,9.0
Tigzirt,DZ,36.8886,4.1198,1650735066.0,10.4,1011.0,62.0,59.95,49.0
Kamenka,RU,51.3223,42.7678,1650735108.0,4.41,1017.0,58.0,51.22,27.0
Manoel Urbano,BR,-8.8389,-69.2597,1650735110.0,4.12,1007.0,49.0,91.06,100.0
Kānt,IN,27.8,79.8,1650735111.0,7.74,1004.0,11.0,87.48,0.0
East London,ZA,-33.0153,27.9116,1650734931.0,4.83,1015.0,93.0,63.12,100.0
bolungarvik,,,,,,,,,
Asău,RO,46.4333,26.4,1650735115.0,4.03,1004.0,95.0,53.96,69.0
Kitui,KE,-1.367,38.0106,1650735116.0,0.25,1011.0,87.0,67.28,96.0
Fortuna,US,40.5982,-124.1573,1650735118.0,1.01,1026.0,92.0,51.93,100.0
Elizabeth City,US,36.2946,-76.2511,1650735119.0,8.05,1028.0,45.0,78.03,0.0
Abu Dhabi,AE,24.4667,54.3667,1650735120.0,3.44,1009.0,79.0,82.51,0.0
Burgeo,CA,47.6167,-57.6152,1650735122.0,11.21,1010.0,92.0,39.65,100.0
Guerrero Negro,MX,27.9769,-114.0611,1650735123.0,20.65,1017.0,53.0,64.47,0.0
Puerto Suárez,BO,-18.95,-57.8,1650735125.0,4.61,1008.0,84.0,84.76,75.0
Bethel,US,41.3712,-73.414,1650734802.0,6.91,1026.0,37.0,64.18,100.0
Chernyshevskiy,RU,63.0128,112.4714,1650735127.0,5.53,1011.0,96.0,19.62,100.0
Biak,ID,-0.9131,122.8766,1650735129.0,0.45,1008.0,84.0,76.73,100.0
Dawei,MM,14.0833,98.2,1650735130.0,1.48,1008.0,87.0,78.78,26.0
Qaanaaq,GL,77.484,-69.3632,1650734678.0,6.85,1034.0,81.0,4.8,83.0
Hilo,US,19.7297,-155.09,1650735133.0,5.75,1020.0,86.0,75.61,40.0
Partenit,UA,44.578,34.3446,1650735134.0,7.47,1012.0,55.0,54.25,100.0
Port-Gentil,GA,-0.7193,8.7815,1650735136.0,10.36,1007.0,83.0,82.36,40.0
bur gabo,,,,,,,,,
Roald,NO,62.5833,6.1333,1650735138.0,12.66,1020.0,81.0,59.92,0.0
Hvide Sande,DK,56.0045,8.1294,1650735140.0,12.57,1014.0,62.0,57.09,3.0
Palmer,US,42.1584,-72.3287,1650735141.0,3.0,1026.0,23.0,64.78,20.0
La Ronge,CA,55.1001,-105.2842,1650734972.0,5.75,1023.0,49.0,44.85,0.0
Kavaratti,IN,10.5669,72.642,1650735144.0,8.05,1009.0,71.0,85.15,96.0
vaitupu,,,,,,,,,
Arraial do Cabo,BR,-22.9661,-42.0278,1650734970.0,12.66,1006.0,38.0,93.16,0.0
Hithadhoo,MV,-0.6,73.0833,1650735148.0,10.51,1010.0,71.0,85.28,82.0
Padang,ID,-0.9492,100.3543,1650735063.0,3.24,1009.0,85.0,77.05,100.0
Eureka,US,40.8021,-124.1637,1650734638.0,3.0,1026.0,88.0,54.68,33.0
Nísia Floresta,BR,-6.0911,-35.2086,1650735152.0,13.96,1009.0,67.0,76.01,95.0
Poum,NC,-20.2333,164.0167,1650735153.0,9.62,1013.0,74.0,76.1,77.0
obluche,,,,,,,,,
Alyangula,AU,-13.8483,136.4192,1650735156.0,0.0,1006.0,94.0,76.87,100.0
Mahrīz,IR,31.5917,54.4318,1650735157.0,6.69,1012.0,28.0,73.9,100.0
Atasū,KZ,48.6814,71.6433,1650735159.0,19.35,1018.0,33.0,44.58,100.0
Ancud,CL,-41.8697,-73.8203,1650734956.0,20.96,1003.0,78.0,50.23,88.0
Lima,PE,-12.0432,-77.0282,1650734967.0,8.05,1013.0,69.0,70.39,40.0
Buşayrā,JO,30.7376,35.6078,1650735163.0,6.44,1006.0,40.0,66.67,10.0
Saint-Pierre,RE,-21.3393,55.4781,1650735117.0,3.44,1017.0,74.0,74.91,40.0
Jiuquan,CN,39.7432,98.5174,1650735165.0,9.26,1010.0,18.0,58.03,58.0
Iqaluit,CA,63.7506,-68.5145,1650734978.0,3.44,1032.0,72.0,10.13,20.0
Loíza,PR,18.4313,-65.8802,1650735168.0,13.8,1016.0,67.0,82.38,40.0
Topaowan,CN,30.67,112.6895,1650735170.0,5.35,1007.0,88.0,67.91,2.0
Traverse City,US,44.7631,-85.6206,1650735171.0,11.5,1014.0,55.0,76.73,75.0
Khovd,MN,48.0056,91.6419,1650735172.0,4.21,1004.0,41.0,46.13,23.0
Mahibadhoo,MV,3.7833,72.9667,1650735174.0,12.15,1010.0,73.0,84.87,95.0
Hamilton,US,39.1834,-84.5333,1650734875.0,16.11,1020.0,46.0,82.94,0.0
Monrovia,LR,6.3005,-10.7969,1650735013.0,10.63,1007.0,77.0,87.57,77.0
Barrow,US,71.2906,-156.7887,1650734897.0,4.61,1011.0,86.0,15.82,100.0
Myitkyina,MM,25.3833,97.4,1650735179.0,3.11,1005.0,74.0,74.26,33.0
Qasigiannguit,GL,68.8193,-51.1922,1650735180.0,3.11,1027.0,87.0,26.85,100.0
Lākheri,IN,25.6667,76.1667,1650735181.0,5.59,1006.0,12.0,91.06,0.0
Payerne,CH,46.822,6.9361,1650735183.0,9.22,996.0,77.0,57.11,75.0
Xiangxiang,CN,27.7333,112.5333,1650735081.0,1.59,1007.0,90.0,69.78,2.0
Batagay-Alyta,RU,67.8006,130.4114,1650735185.0,4.43,1014.0,97.0,2.5,100.0
Blytheville,US,35.9273,-89.919,1650735187.0,21.85,1018.0,50.0,79.2,0.0
Bedford,GB,52.1346,-0.4663,1650734953.0,14.97,1004.0,62.0,58.8,75.0
Ponta Delgada,PT,37.7333,-25.6667,1650735190.0,13.8,1011.0,100.0,56.12,75.0
Baghdad,IQ,33.3406,44.4009,1650734956.0,4.61,1008.0,18.0,78.71,0.0
Iranshahr,IR,27.2025,60.6848,1650735192.0,4.61,1011.0,12.0,88.14,0.0
Zhuhai,CN,22.2769,113.5678,1650735020.0,5.75,1010.0,94.0,80.85,75.0
Aasiaat,GL,68.7098,-52.8699,1650735049.0,4.41,1027.0,82.0,27.88,100.0
Klaksvík,FO,62.2266,-6.589,1650735021.0,19.89,1028.0,81.0,47.32,100.0
Albany,US,42.6001,-73.9662,1650734912.0,1.99,1025.0,35.0,57.58,51.0
Opuwo,NA,-18.0607,13.84,1650735198.0,3.0,1010.0,34.0,73.76,48.0
Adré,TD,13.4667,22.2,1650735199.0,3.91,1004.0,13.0,88.27,41.0
Zimmi,SL,7.3153,-11.3061,1650735201.0,7.38,1007.0,65.0,85.51,56.0
phan rang,,,,,,,,,
Half Moon Bay,US,37.4636,-122.4286,1650735203.0,3.44,1025.0,67.0,64.81,0.0
Alibag,IN,18.6411,72.8792,1650735205.0,4.03,1009.0,68.0,87.87,35.0
Pak Phanang,TH,8.3511,100.202,1650735206.0,2.44,1008.0,80.0,81.72,3.0
Bambanglipuro,ID,-7.95,110.2833,1650735208.0,2.15,1008.0,89.0,78.01,98.0
Srednekolymsk,RU,67.45,153.6833,1650735081.0,3.67,1013.0,100.0,-0.31,94.0
Sept-Îles,CA,50.2001,-66.3821,1650735012.0,15.01,1021.0,41.0,37.06,40.0
San Jose,US,37.3394,-121.895,1650734960.0,5.01,1024.0,64.0,64.0,20.0
Quelimane,MZ,-17.8786,36.8883,1650735212.0,5.75,1012.0,100.0,73.35,75.0
Vidim,RU,56.4088,103.1106,1650735214.0,4.61,1017.0,93.0,17.53,99.0
Cidreira,BR,-30.1811,-50.2056,1650735215.0,14.29,1009.0,55.0,67.5,33.0
Van,TR,38.4924,43.3831,1650735217.0,0.0,1020.0,54.0,51.15,40.0
attawapiskat,,,,,,,,,
Tamiahua,MX,21.2667,-97.45,1650735219.0,15.05,1012.0,61.0,84.15,22.0
Lebu,CL,-37.6167,-73.65,1650735221.0,7.38,1011.0,73.0,58.06,35.0
sentyabrskiy,,,,,,,,,
Mountain Home,US,43.133,-115.6912,1650735223.0,24.16,1022.0,100.0,51.28,0.0
Mahébourg,MU,-20.4081,57.7,1650734965.0,17.27,1019.0,78.0,75.49,75.0
fort saint john,,,,,,,,,
Chibuto,MZ,-24.6867,33.5306,1650735227.0,4.99,1015.0,91.0,68.56,18.0
Camopi,GF,3.1655,-52.3158,1650735037.0,1.74,1010.0,90.0,75.97,100.0
Novy Urengoy,RU,66.0833,76.6333,1650735229.0,8.28,1021.0,100.0,-1.14,97.0
Marawi,PH,7.9986,124.2928,1650735231.0,1.63,1009.0,93.0,68.32,81.0
Tataouine,TN,32.9297,10.4518,1650735232.0,2.48,1009.0,12.0,77.63,0.0
Kavieng,PG,-2.5744,150.7967,1650735234.0,12.77,1008.0,75.0,82.04,61.0
Umuahia,NG,5.5263,7.4896,1650735152.0,6.38,1007.0,70.0,81.54,91.0
Guilin,CN,25.2819,110.2864,1650735236.0,0.67,1007.0,95.0,73.51,2.0
Deputatsky,RU,69.3,139.9,1650735237.0,3.02,1015.0,100.0,-5.55,99.0
Nuuk,GL,64.1835,-51.7216,1650735052.0,6.91,1025.0,93.0,36.21,75.0
Nome,US,64.5011,-165.4064,1650735240.0,0.0,1005.0,75.0,35.17,100.0
Maniitsoq,GL,65.4167,-52.9,1650735241.0,9.55,1027.0,99.0,33.01,100.0
Bavly,RU,54.393,53.2602,1650735243.0,4.85,1019.0,81.0,43.9,76.0
Nyurba,RU,63.2842,118.3319,1650735244.0,2.06,1011.0,99.0,10.49,99.0
Lagoa,PT,39.05,-27.9833,1650735246.0,24.58,1009.0,61.0,57.18,67.0
Walvis Bay,NA,-22.9575,14.5053,1650735247.0,11.5,1013.0,77.0,61.75,9.0
Bac Lieu,VN,9.285,105.7244,1650735248.0,8.68,1008.0,77.0,82.49,7.0
andselv,,,,,,,,,
Tazmalt,DZ,36.3868,4.3989,1650735251.0,5.86,1010.0,58.0,61.63,45.0
Pattaya,TH,12.9333,100.8833,1650735252.0,11.77,1008.0,78.0,88.95,16.0
Jitra,MY,6.2681,100.4217,1650735254.0,3.44,1008.0,88.0,78.69,20.0
ijaki,,,,,,,,,
Tarabuco,BO,-19.1667,-64.9167,1650735256.0,10.11,1007.0,41.0,62.91,13.0
College,US,64.8569,-147.8028,1650735258.0,5.75,1006.0,62.0,39.58,75.0
Myski,RU,53.709,87.8014,1650735259.0,3.78,1018.0,83.0,22.3,41.0
Nanlong,CN,31.3533,106.0631,1650735261.0,4.52,1002.0,87.0,70.2,73.0
Bongandanga,CD,1.5,21.05,1650735262.0,1.61,1007.0,83.0,74.79,62.0
louisbourg,,,,,,,,,
El Paraíso,HN,13.8667,-86.55,1650735264.0,4.74,1011.0,31.0,89.33,10.0
Sambava,MG,-14.2667,50.1667,1650735266.0,7.76,1015.0,87.0,76.57,87.0
Lüderitz,NA,-26.6481,15.1594,1650735114.0,26.28,1015.0,75.0,58.82,0.0
Tambun,ID,-6.2641,107.0712,1650735268.0,2.01,1008.0,83.0,84.94,100.0
Mt. Pleasant,US,32.7941,-79.8626,1650735270.0,9.22,1027.0,66.0,80.19,40.0
Leningradskiy,RU,69.3833,178.4167,1650735271.0,2.28,1011.0,96.0,18.52,100.0
Severo-Kuril'sk,RU,50.6789,156.125,1650735272.0,10.98,988.0,98.0,35.35,100.0
Poronaysk,RU,49.2167,143.1167,1650735274.0,3.58,1009.0,91.0,19.9,37.0
Okhotsk,RU,59.3833,143.3,1650734978.0,4.29,1006.0,95.0,18.0,21.0
Sandviken,SE,60.6167,16.7667,1650735276.0,10.49,1022.0,60.0,45.57,44.0
Puga,MX,21.5833,-104.8167,1650735278.0,8.05,1018.0,21.0,86.07,0.0
La Sarre,CA,48.8002,-79.1996,1650735279.0,8.61,1029.0,45.0,42.01,100.0
Giyani,ZA,-23.3025,30.7187,1650735280.0,4.14,1014.0,60.0,72.75,3.0
Prince Rupert,CA,54.3161,-130.3201,1650735032.0,35.68,1016.0,93.0,44.29,100.0
Bakchar,RU,57.0186,82.0711,1650735283.0,4.81,1018.0,63.0,23.72,68.0
Lorengau,PG,-2.0226,147.2712,1650735034.0,7.76,1008.0,82.0,80.44,90.0
Lang Son,VN,21.8333,106.7333,1650735286.0,3.04,1007.0,98.0,71.85,13.0
Albac,RO,46.45,22.9667,1650735287.0,3.36,1009.0,96.0,46.54,92.0
Taltal,CL,-25.4,-70.4833,1650735288.0,5.68,1014.0,75.0,65.39,26.0
Pimentel,PE,-6.8367,-79.9342,1650735290.0,10.36,1013.0,64.0,73.69,0.0
Sergeevka,KZ,53.88,67.4158,1650735291.0,9.31,1026.0,43.0,34.59,7.0
Tonkino,RU,57.3726,46.4629,1650735293.0,5.75,1018.0,61.0,44.22,100.0
San Fernando del Valle de Catamarca,AR,-28.4696,-65.7852,1650735294.0,8.01,1006.0,50.0,78.78,11.0
Tonaya,MX,19.7833,-103.9667,1650735295.0,1.39,1012.0,18.0,90.99,1.0
Peterhead,GB,57.5058,-1.7981,1650735297.0,8.48,1019.0,83.0,50.4,11.0
Esperance,AU,-33.8667,121.9,1650735298.0,11.03,1024.0,88.0,57.04,70.0
Lázaro Cárdenas,MX,17.9583,-102.2,1650735004.0,10.33,1012.0,52.0,84.52,3.0
Erenhot,CN,43.6475,111.9767,1650735301.0,1.72,1006.0,35.0,52.9,76.0
Portland,US,45.5234,-122.6762,1650734818.0,5.75,1028.0,79.0,55.94,75.0
amderma,,,,,,,,,
Rehoboth,NA,-23.3167,17.0833,1650735305.0,15.73,1012.0,32.0,68.25,4.0
Upernavik,GL,72.7868,-56.1549,1650734996.0,11.16,1030.0,86.0,12.11,100.0
phnum penh,,,,,,,,,
Gizo Government Station,SB,-8.103,156.8419,1650735214.0,8.84,1008.0,79.0,81.77,96.0
Ostrovnoy,RU,68.0531,39.5131,1650734975.0,7.67,1022.0,98.0,33.85,79.0
Beringovskiy,RU,63.05,179.3167,1650735311.0,2.75,1010.0,96.0,21.18,100.0
Kupang,ID,-10.1667,123.5833,1650735276.0,5.95,1008.0,83.0,76.78,38.0
Trairi,BR,-3.2778,-39.2689,1650735313.0,8.08,1010.0,97.0,74.17,99.0
Avera,US,33.194,-82.5271,1650734985.0,9.44,1026.0,53.0,79.38,2.0
Auch,FR,43.65,0.5833,1650735316.0,4.0,996.0,91.0,56.25,98.0
Morondava,MG,-20.2833,44.2833,1650735317.0,5.5,1015.0,90.0,75.4,100.0
Tiksi,RU,71.6872,128.8694,1650735315.0,2.57,1015.0,100.0,0.46,100.0
Cocula,MX,20.3652,-103.8222,1650735151.0,4.47,1011.0,15.0,90.0,1.0
Morgan City,US,29.6994,-91.2068,1650735321.0,14.97,1020.0,74.0,82.0,100.0
Yuanping,CN,38.7153,112.7575,1650735322.0,3.18,1005.0,18.0,63.81,69.0
Baiyin,CN,36.5583,104.2081,1650735324.0,12.68,1010.0,21.0,60.08,100.0
Ola,RU,59.5833,151.2833,1650735325.0,7.25,1005.0,76.0,19.15,100.0
Seymchan,RU,62.8833,152.4333,1650735326.0,4.25,1012.0,99.0,0.36,66.0
Gulmarg,IN,34.049,74.3921,1650735328.0,1.95,1021.0,78.0,40.1,51.0
Batemans Bay,AU,-35.7167,150.1833,1650734973.0,4.09,1031.0,94.0,57.09,19.0
Bay City,US,43.5945,-83.8889,1650735245.0,9.22,1017.0,50.0,73.72,0.0
Brainerd,US,46.358,-94.2008,1650735332.0,13.8,997.0,77.0,62.85,100.0
Sompeta,IN,18.9333,84.6,1650735333.0,12.28,1007.0,76.0,82.45,85.0
Maralal,KE,1.0968,36.698,1650735334.0,7.05,1012.0,79.0,62.47,99.0
Meulaboh,ID,4.1363,96.1285,1650735013.0,1.32,1008.0,88.0,78.3,89.0
North Myrtle Beach,US,33.816,-78.68,1650735230.0,8.05,1026.0,68.0,81.34,0.0
Sitka,US,57.0531,-135.33,1650735338.0,17.27,1009.0,57.0,48.09,100.0
Ugoofaaru,MV,5.6667,73.0,1650735005.0,9.06,1010.0,74.0,84.74,97.0
Port Hardy,CA,50.6996,-127.4199,1650735284.0,10.36,1023.0,81.0,46.58,100.0
Guatire,VE,10.4762,-66.5427,1650735342.0,4.74,1011.0,66.0,86.2,77.0
Chumikan,RU,54.7183,135.315,1650735343.0,13.2,1004.0,94.0,21.67,99.0
Bousso,TD,10.4795,16.7117,1650735345.0,7.25,1003.0,34.0,92.89,98.0
Lyuban',BY,52.7985,28.0048,1650735346.0,2.48,1006.0,98.0,43.52,100.0
Mezen',RU,65.8522,44.24,1650735347.0,6.44,1021.0,95.0,29.05,100.0
chamarel,,,,,,,,,
Pontes e Lacerda,BR,-15.2261,-59.3353,1650735350.0,4.12,1008.0,55.0,88.09,32.0
Zeya,RU,53.75,127.2667,1650735351.0,6.11,1000.0,89.0,27.9,37.0
Örnsköldsvik,SE,63.2909,18.7153,1650735353.0,3.44,1024.0,70.0,41.95,99.0
Vao,NC,-22.6667,167.4833,1650735096.0,24.87,1014.0,75.0,74.52,69.0
Okha,RU,53.5739,142.9478,1650735355.0,4.81,1007.0,94.0,20.17,21.0
Bāfq,IR,31.6128,55.4107,1650735357.0,9.37,1010.0,23.0,77.72,84.0
Ryōtsu-minato,JP,38.0833,138.4333,1650735358.0,2.98,1015.0,72.0,50.58,100.0
Pisco,PE,-13.7,-76.2167,1650734693.0,9.22,1013.0,88.0,68.02,75.0
Mossamedes,AO,-15.1961,12.1522,1650734961.0,14.0,1009.0,79.0,72.14,80.0
Noshiro,JP,40.2039,140.0242,1650735362.0,6.2,1016.0,85.0,41.65,35.0
Rawson,AR,-43.3002,-65.1023,1650735363.0,41.38,986.0,27.0,63.52,33.0
Itacaré,BR,-14.2775,-38.9967,1650735364.0,6.26,1012.0,70.0,82.31,28.0
Evensk,RU,61.95,159.2333,1650735366.0,12.77,1007.0,77.0,16.2,45.0
Chapais,CA,49.7834,-74.8492,1650735367.0,5.57,1033.0,59.0,29.98,28.0
palabuhanratu,,,,,,,,,
Glenwood Springs,US,39.5505,-107.3248,1650735370.0,14.18,1015.0,81.0,47.32,100.0
Kaniama,CD,-7.5667,24.1833,1650735371.0,2.01,1009.0,88.0,69.8,84.0
Thompson,CA,55.7435,-97.8558,1650735373.0,9.22,1021.0,39.0,42.96,75.0
mys shmidta,,,,,,,,,
barawe,,,,,,,,,
Vestmannaeyjar,IS,63.4427,-20.2734,1650735376.0,3.44,1032.0,81.0,45.59,100.0
Enid,US,36.3956,-97.8784,1650735184.0,35.68,1005.0,54.0,83.01,40.0
Wanaka,NZ,-44.7,169.15,1650735101.0,1.99,1005.0,67.0,55.11,96.0
Raudeberg,NO,61.9875,5.1352,1650735380.0,11.74,1020.0,85.0,52.47,51.0
Catacaos,PE,-5.2667,-80.6833,1650735381.0,5.21,1010.0,47.0,85.77,15.0
Zhangye,CN,38.9342,100.4517,1650735383.0,6.46,1010.0,17.0,58.86,100.0
Maţāy,EG,28.419,30.7792,1650735384.0,7.61,1006.0,14.0,79.0,50.0
Road Town,VG,18.4167,-64.6167,1650735386.0,8.05,1016.0,65.0,82.49,20.0
Talnakh,RU,69.4865,88.3972,1650735112.0,4.7,1016.0,100.0,-3.28,99.0
Ahipara,NZ,-35.1667,173.1667,1650735045.0,14.65,1020.0,69.0,62.76,34.0
Lompoc,US,34.6391,-120.4579,1650734666.0,16.11,1019.0,55.0,68.85,0.0
Safi,MA,32.2994,-9.2372,1650735231.0,11.45,1015.0,62.0,62.1,28.0
Quatre Cocos,MU,-20.2078,57.7625,1650735392.0,18.86,1018.0,66.0,75.31,51.0
Northam,GB,51.0333,-4.2167,1650735393.0,16.93,1003.0,74.0,59.25,59.0
Rāvar,IR,31.2656,56.8055,1650735395.0,1.72,1011.0,31.0,73.42,38.0
babanusah,,,,,,,,,
Havelock,US,34.8791,-76.9013,1650735034.0,3.0,1027.0,66.0,78.98,0.0
Ballina,AU,-28.8667,153.5667,1650735398.0,8.05,1025.0,93.0,64.36,100.0
nguiu,,,,,,,,,
Mapiripán,CO,2.8892,-72.1256,1650735401.0,5.1,1008.0,64.0,86.97,47.0
Bayburt,TR,40.2589,40.2278,1650735244.0,4.16,1013.0,50.0,55.35,1.0
Rosário Oeste,BR,-14.8361,-56.4275,1650735403.0,2.91,1009.0,61.0,86.88,35.0
Rosarito,MX,32.3333,-117.0333,1650735405.0,7.85,1018.0,54.0,68.41,5.0
Ilulissat,GL,69.2167,-51.1,1650735406.0,9.22,1027.0,93.0,26.62,75.0
play cu,,,,,,,,,
Bonavista,CA,48.6499,-53.1147,1650735409.0,22.35,1013.0,91.0,35.24,95.0
Lata,PT,40.1629,-8.3327,1650735033.0,8.32,1009.0,66.0,56.03,44.0
Talalayivka,UA,50.9578,31.9209,1650735411.0,16.67,1008.0,72.0,51.48,75.0
Husavik,IS,66.0449,-17.3389,1650735413.0,2.64,1030.0,59.0,51.58,12.0
Soto la Marina,MX,23.7667,-98.2167,1650735414.0,18.68,1011.0,38.0,84.78,6.0
Zheleznodorozhnyy,RU,55.7503,38.0042,1650735415.0,5.17,1015.0,78.0,55.62,82.0
Natal,BR,-5.795,-35.2094,1650735330.0,11.5,1011.0,100.0,75.85,100.0
Yarkovo,RU,57.4028,67.0786,1650735418.0,3.56,1027.0,63.0,27.72,39.0
Madīnat Sittah Uktūbar,EG,29.8167,31.05,1650735419.0,18.16,1008.0,30.0,79.27,5.0
Canela,BR,-29.3656,-50.8156,1650735421.0,5.01,1009.0,70.0,63.28,83.0
Yangi Marg`ilon,UZ,40.4272,71.7189,1650735422.0,4.61,1013.0,40.0,70.52,56.0
Mareeba,AU,-17.0,145.4333,1650735423.0,6.96,1012.0,92.0,70.52,100.0
Lhokseumawe,ID,5.1801,97.1507,1650735425.0,5.48,1008.0,85.0,79.61,40.0
Mount Isa,AU,-20.7333,139.5,1650735388.0,6.91,1013.0,100.0,67.77,100.0
Auki,SB,-8.7676,160.7034,1650735427.0,3.38,1009.0,85.0,76.28,60.0
Souillac,MU,-20.5167,57.5167,1650734971.0,17.27,1019.0,78.0,75.58,75.0
Shingū,JP,33.7333,135.9833,1650735430.0,3.8,1014.0,89.0,61.95,100.0
Ponta do Sol,PT,32.6667,-17.1,1650735431.0,8.75,1016.0,72.0,66.0,99.0
Eyrarbakki,IS,63.863,-21.1481,1650735433.0,8.01,1031.0,73.0,53.2,3.0
Fairbanks,US,64.8378,-147.7164,1650735000.0,5.75,1005.0,63.0,39.6,0.0
Luwuk,ID,-0.9516,122.7875,1650735435.0,1.41,1008.0,86.0,77.86,100.0
Nikki,BJ,9.9401,3.2108,1650735437.0,2.62,1004.0,29.0,93.4,90.0
Tongchuanshi,CN,35.0806,109.0897,1650735438.0,5.23,1005.0,45.0,66.6,100.0
Kaitangata,NZ,-46.2817,169.8464,1650735440.0,10.02,1008.0,91.0,51.08,100.0
Touros,BR,-5.1989,-35.4608,1650735441.0,12.62,1009.0,85.0,79.52,100.0
Glendive,US,47.1053,-104.7125,1650735442.0,18.01,999.0,94.0,33.42,100.0
Bom Jesus,BR,-9.0744,-44.3586,1650735444.0,4.85,1006.0,27.0,97.68,70.0
Esmeraldas,BR,-19.7625,-44.3139,1650734939.0,11.23,1012.0,34.0,88.84,50.0
Valparaíso,CL,-33.0393,-71.6273,1650735446.0,10.36,1016.0,56.0,71.83,0.0
Vila Franca do Campo,PT,37.7167,-25.4333,1650735055.0,10.07,1010.0,89.0,55.81,98.0
Rio Pardo,BR,-29.9897,-52.3781,1650735277.0,6.49,1010.0,51.0,68.04,43.0
Saint-Augustin,CA,51.226,-58.6502,1650735450.0,3.85,1014.0,96.0,36.43,100.0
Kannapolis,US,35.4874,-80.6217,1650735451.0,11.5,1026.0,49.0,82.26,0.0
Gouyave,GD,12.1646,-61.7296,1650735453.0,23.02,1012.0,74.0,79.57,40.0
Datong,CN,40.0936,113.2914,1650735454.0,6.64,1006.0,25.0,59.95,75.0
Cabedelo,BR,-6.9811,-34.8339,1650735456.0,14.25,1010.0,75.0,84.87,78.0
Oriximiná,BR,-1.7656,-55.8661,1650735457.0,3.51,1008.0,70.0,84.45,74.0
Ferkessédougou,CI,9.6,-5.2,1650735398.0,5.08,1006.0,44.0,89.6,100.0
Muros,ES,42.7762,-9.0603,1650735460.0,10.69,1007.0,72.0,58.68,89.0
karaul,,,,,,,,,
Tshikapa,CD,-6.4167,20.8,1650735462.0,1.03,1008.0,90.0,74.19,95.0
Nadym,RU,65.5333,72.5167,1650735464.0,0.63,1023.0,100.0,-0.33,82.0
daxian,,,,,,,,,
Cabra,ES,37.4725,-4.4421,1650735466.0,13.82,1011.0,86.0,51.87,99.0
Ambon City,ID,-3.6954,128.1814,1650735281.0,4.61,1007.0,78.0,82.54,40.0
Chitipa,MW,-9.7024,33.2697,1650735469.0,3.87,1013.0,98.0,62.83,73.0
Sumé,BR,-7.6717,-36.88,1650735470.0,11.92,1009.0,40.0,87.31,87.0
Edgewater,US,28.9889,-80.9023,1650735471.0,11.5,1024.0,53.0,84.13,40.0
Golyshmanovo,RU,56.3979,68.3728,1650735473.0,1.97,1027.0,53.0,29.71,14.0
Malartic,CA,48.1335,-78.1328,1650735475.0,6.55,1029.0,28.0,46.02,99.0
Bara,NG,10.3744,10.7288,1650735476.0,5.39,1003.0,17.0,97.92,100.0
Jati,PK,24.3539,68.2671,1650735477.0,14.67,1009.0,60.0,83.62,82.0
Mana,GF,5.6592,-53.7767,1650735479.0,4.12,1009.0,82.0,79.93,97.0
Kawalu,ID,-7.3817,108.2082,1650735480.0,1.32,1010.0,98.0,72.84,99.0
Ucluelet,CA,48.9329,-125.5528,1650735481.0,1.01,1027.0,87.0,49.08,81.0
Portobelo,PA,9.55,-79.65,1650735483.0,2.57,1011.0,74.0,82.72,38.0
Saldanha,ZA,-33.0117,17.9442,1650734958.0,23.87,1017.0,71.0,57.25,0.0
Los Llanos de Aridane,ES,28.6585,-17.9182,1650735485.0,5.99,1016.0,77.0,62.35,75.0
Kaffrine,SN,14.1059,-15.5508,1650735487.0,9.46,1005.0,6.0,106.7,4.0
Norman Wells,CA,65.282,-126.8329,1650735221.0,11.5,1018.0,54.0,28.44,0.0
Harper,LR,4.375,-7.7169,1650735489.0,7.2,1008.0,76.0,82.45,98.0
Samarai,PG,-10.6167,150.6667,1650735491.0,9.98,1008.0,79.0,81.73,58.0
Chipinge,ZW,-20.1883,32.6236,1650735492.0,4.72,1015.0,92.0,63.3,79.0
Debre Tabor,ET,11.85,38.0167,1650735494.0,9.13,1014.0,72.0,56.5,96.0
ngukurr,,,,,,,,,
Āsosa,ET,10.0667,34.5333,1650735496.0,2.71,1008.0,64.0,69.48,90.0
Alice Springs,AU,-23.7,133.8833,1650735483.0,6.91,1004.0,32.0,69.22,40.0
Matara,LK,5.9485,80.5353,1650735499.0,4.54,1010.0,84.0,79.54,76.0
San Cristobal,VE,7.7669,-72.225,1650735474.0,1.23,1011.0,74.0,75.38,64.0
Kisangani,CD,0.5167,25.2,1650735501.0,1.66,1006.0,84.0,75.33,92.0
Riedlingen,DE,48.1545,9.4756,1650735503.0,12.5,998.0,88.0,55.26,100.0
Bagrāmī,AF,34.4938,69.2743,1650735504.0,2.21,1014.0,45.0,61.59,37.0
Searcy,US,35.2506,-91.7363,1650735386.0,20.71,1017.0,63.0,76.14,20.0
Basco,PH,20.4487,121.9702,1650735507.0,14.7,1009.0,81.0,81.28,18.0
Talara,PE,-4.5772,-81.2719,1650735025.0,9.22,1012.0,54.0,84.96,0.0
Luba,GQ,3.4568,8.5547,1650735510.0,12.68,1008.0,88.0,80.2,84.0
Izvestkovyy,RU,48.9833,131.55,1650735511.0,1.97,986.0,85.0,39.24,92.0
Takoradze,GH,4.8845,-1.7554,1650735419.0,9.53,1007.0,80.0,82.26,95.0
Sørland,NO,67.667,12.6934,1650735514.0,7.63,1027.0,81.0,41.61,13.0
Mattru,SL,7.6244,-11.8332,1650735516.0,8.61,1007.0,59.0,87.55,57.0
Dunedin,NZ,-45.8742,170.5036,1650735517.0,11.99,1006.0,80.0,53.8,100.0
Denpasar,ID,-8.65,115.2167,1650735279.0,9.22,1009.0,88.0,82.06,40.0
Melbu,NO,68.5044,14.8297,1650735520.0,11.5,1026.0,70.0,42.62,19.0
Haputale,LK,6.7681,80.9595,1650735521.0,1.14,1012.0,87.0,64.24,100.0
Gazli,UZ,40.1333,63.45,1650735523.0,8.95,1012.0,37.0,76.21,100.0
Antibes,FR,43.5624,7.1278,1650735524.0,19.57,1001.0,92.0,56.68,100.0
Debre Birhan,ET,9.6833,39.5333,1650735525.0,6.78,1013.0,45.0,60.48,82.0
Esim,GH,4.8699,-2.2405,1650735527.0,8.88,1007.0,80.0,82.49,93.0
Huancabamba,PE,-5.2386,-79.4506,1650735528.0,5.55,1014.0,80.0,67.12,64.0
Izhma,RU,65.0083,53.9113,1650735530.0,4.94,1019.0,93.0,31.59,100.0
Acaraú,BR,-2.8856,-40.12,1650735531.0,9.01,1010.0,93.0,75.22,98.0
Cururupu,BR,-1.8283,-44.8683,1650735532.0,2.39,1010.0,96.0,75.58,99.0
tumannyy,,,,,,,,,
Chardara,KZ,41.2547,67.9692,1650735535.0,13.38,1012.0,44.0,72.52,87.0
Pastavy,BY,55.1168,26.8326,1650735536.0,7.87,1006.0,94.0,42.42,100.0
Morros,BR,-9.4467,-46.3003,1650735538.0,3.85,1009.0,58.0,83.25,99.0
Våler,NO,60.6785,11.8331,1650735539.0,6.04,1022.0,61.0,49.84,93.0
Port-Cartier,CA,50.0334,-66.8654,1650735540.0,13.6,1024.0,57.0,36.75,80.0
Port Hedland,AU,-20.3167,118.5667,1650734700.0,6.91,1011.0,68.0,71.65,1.0
Kagadi,UG,0.9606,30.7967,1650735543.0,1.97,1010.0,95.0,64.4,90.0
Palmares do Sul,BR,-30.2578,-50.5097,1650735544.0,12.01,1009.0,52.0,67.69,13.0
Codrington,AU,-38.2667,141.9667,1650735015.0,6.76,1033.0,92.0,48.16,1.0
Zhezkazgan,KZ,47.8043,67.7144,1650735547.0,20.85,1015.0,23.0,53.24,100.0
Krasnyy Chikoy,RU,50.3643,108.7512,1650735548.0,3.44,1015.0,85.0,29.59,95.0
Lopatino,RU,52.6195,45.8118,1650735550.0,3.53,1016.0,69.0,51.44,62.0
Cap Malheureux,MU,-19.9842,57.6142,1650735551.0,5.99,1018.0,73.0,75.47,47.0
Timaru,NZ,-44.4,171.25,1650735553.0,9.01,1007.0,59.0,55.78,100.0
Port Antonio,JM,18.18,-76.4612,1650735554.0,8.75,1014.0,78.0,84.11,99.0
Iracoubo,GF,5.4802,-53.2011,1650735556.0,3.98,1010.0,89.0,77.81,99.0
Hurghada,EG,27.2574,33.8129,1650735365.0,12.66,1004.0,32.0,80.64,0.0
Nago,JP,26.5881,127.9761,1650735558.0,10.27,1011.0,95.0,77.45,98.0
Esfarāyen,IR,37.0765,57.5101,1650735560.0,5.1,1016.0,59.0,55.06,0.0
Gashua,NG,12.871,11.0482,1650735561.0,5.97,1002.0,11.0,97.39,26.0
Awjilah,LY,29.1081,21.2869,1650735562.0,22.59,1008.0,30.0,77.18,0.0
Zatoka,UA,46.0725,30.4654,1650735564.0,19.57,1007.0,91.0,50.16,65.0
Suez,EG,29.9737,32.5263,1650735565.0,13.82,1007.0,47.0,69.31,0.0
Bilma,NE,18.6853,12.9164,1650735566.0,9.53,1003.0,11.0,97.56,3.0
Daru,PG,-9.0763,143.2092,1650735568.0,6.17,1007.0,88.0,77.65,100.0
yanan,,,,,,,,,
Andros Town,BS,24.7,-77.7667,1650735570.0,19.64,1019.0,63.0,78.76,16.0
Buala,SB,-8.145,159.5921,1650735572.0,3.24,1009.0,82.0,79.39,77.0
San Carlos,VE,9.6612,-68.5827,1650735573.0,2.21,1008.0,35.0,95.38,54.0
Suleja,NG,9.1758,7.1808,1650735574.0,2.66,1005.0,71.0,79.72,100.0
Sorong,ID,-0.8833,131.25,1650735576.0,2.33,1007.0,80.0,79.68,91.0
Manado,ID,1.487,124.8455,1650735578.0,1.14,1008.0,100.0,75.97,40.0
Abu Kamal,SY,34.4506,40.9171,1650735579.0,10.16,1007.0,9.0,81.43,96.0
Can Tho,VN,10.0333,105.7833,1650735580.0,1.14,1008.0,94.0,78.78,20.0
Çubuk,TR,40.2386,33.0322,1650735582.0,2.3,1011.0,30.0,67.75,0.0
Mukhen,RU,48.1,136.1,1650735583.0,13.2,994.0,53.0,48.87,100.0
Yuza,JP,39.0,139.9167,1650735584.0,6.4,1016.0,61.0,45.03,63.0
Ocampo,MX,21.65,-101.5,1650735071.0,9.44,1011.0,23.0,77.2,6.0
Jijiga,ET,9.35,42.8,1650735587.0,8.77,1012.0,60.0,69.13,50.0
Măgura Ilvei,RO,47.3833,24.8,1650735588.0,1.63,1009.0,99.0,44.58,100.0
Camacha,PT,33.0833,-16.3333,1650735590.0,8.05,1015.0,52.0,62.02,40.0
Khudumelapye,BW,-23.8833,24.75,1650735591.0,4.79,1013.0,53.0,69.58,61.0
Laguna,US,38.421,-121.4238,1650735069.0,11.5,1023.0,58.0,65.05,0.0
Necochea,AR,-38.5473,-58.7368,1650735322.0,19.62,999.0,50.0,69.76,63.0
Pangnirtung,CA,66.1451,-65.7125,1650735595.0,3.44,1032.0,67.0,10.4,0.0
saleaula,,,,,,,,,
falealupo,,,,,,,,,
umm durman,,,,,,,,,
Jacareacanga,BR,-6.2222,-57.7528,1650735600.0,2.46,1008.0,65.0,86.81,99.0
Katsuura,JP,35.1333,140.3,1650735602.0,9.35,1014.0,81.0,65.71,100.0
Boden,SE,65.8252,21.6886,1650735317.0,2.68,1026.0,92.0,41.0,52.0
Along,IN,28.1667,94.7667,1650735604.0,0.65,1010.0,98.0,67.57,94.0
Hofn,IS,64.2539,-15.2082,1650735606.0,6.2,1032.0,83.0,44.92,1.0
Isangel,VU,-19.55,169.2667,1650735607.0,12.3,1012.0,77.0,77.63,84.0
Bubaque,GW,11.2833,-15.8333,1650735609.0,19.24,1007.0,77.0,77.34,58.0
Dongli,CN,23.5656,116.8194,1650735610.0,4.47,1009.0,100.0,76.98,2.0
Faya,SA,18.3851,42.4509,1650735611.0,4.83,1013.0,50.0,64.51,35.0
Puerto Escondido,MX,15.85,-97.0667,1650735613.0,9.73,1011.0,54.0,88.29,1.0
nam tha,,,,,,,,,
Bassano,CA,50.7834,-112.4685,1650735615.0,11.59,1021.0,57.0,47.43,99.0
Havre-St-Pierre,CA,50.2334,-63.5986,1650735617.0,13.8,1019.0,48.0,37.4,100.0
kamenskoye,,,,,,,,,
Sarana,RU,56.4773,57.7259,1650735619.0,5.03,1021.0,79.0,39.67,51.0
Kyra,RU,49.5776,111.9753,1650735621.0,5.28,1009.0,59.0,33.01,59.0
Florø,NO,61.5996,5.0328,1650735622.0,8.05,1018.0,62.0,53.56,47.0
Terrace,CA,54.5163,-128.6035,1650735512.0,5.75,1019.0,76.0,46.31,100.0
Susanville,US,40.4163,-120.653,1650735625.0,5.75,1025.0,54.0,49.91,0.0
Kilindoni,TZ,-7.9139,39.6668,1650735626.0,8.68,1010.0,74.0,82.44,84.0
Cukai,MY,4.25,103.4167,1650735627.0,2.71,1008.0,88.0,78.75,6.0
Hasaki,JP,35.7333,140.8333,1650735629.0,14.72,1016.0,74.0,63.0,100.0
Korla,CN,41.7597,86.1469,1650735566.0,2.62,1006.0,20.0,69.48,75.0
Berlevåg,NO,70.8578,29.0864,1650735631.0,18.84,1020.0,92.0,37.2,100.0
Kruisfontein,ZA,-34.0033,24.7314,1650735335.0,1.41,1015.0,89.0,59.88,94.0
Piritiba,BR,-11.7303,-40.5553,1650735634.0,7.61,1011.0,41.0,86.85,47.0
Coffs Harbour,AU,-30.3,153.1333,1650735501.0,9.22,1028.0,88.0,60.76,40.0
Aktobe,KZ,50.2797,57.2072,1650735636.0,13.42,1015.0,76.0,46.49,75.0
Zirgan,RU,53.2222,55.9185,1650735638.0,8.79,1019.0,57.0,45.07,100.0
Kalmunai,LK,7.4167,81.8167,1650735367.0,5.53,1009.0,80.0,80.35,85.0
Port Lincoln,AU,-34.7333,135.8667,1650735640.0,12.46,1026.0,89.0,61.59,8.0
Anadyr,RU,64.75,177.4833,1650735602.0,4.47,1009.0,93.0,27.1,75.0
Hay River,CA,60.8156,-115.7999,1650735643.0,5.75,1028.0,73.0,21.18,20.0
Vestmanna,FO,62.1564,-7.1664,1650735644.0,4.61,1027.0,71.0,45.52,75.0
Sendafa,ET,9.15,39.0333,1650735646.0,4.68,1013.0,54.0,69.15,92.0
Nantucket,US,41.2835,-70.0995,1650735585.0,9.22,1028.0,55.0,55.54,0.0
Araouane,ML,18.9048,-3.5265,1650735648.0,10.04,1008.0,7.0,91.67,49.0
Saint-Joseph,RE,-21.3667,55.6167,1650735650.0,11.72,1020.0,77.0,72.21,38.0
Vrede,ZA,-27.4257,29.1659,1650735651.0,4.36,1016.0,73.0,58.82,93.0
Nsanje,MW,-16.92,35.262,1650735652.0,3.51,1013.0,98.0,72.32,27.0
Hürth,DE,50.8708,6.8676,1650735654.0,12.66,1002.0,50.0,63.55,75.0
meyungs,,,,,,,,,
Bandar-e Lengeh,IR,26.5579,54.8807,1650735656.0,6.91,1007.0,83.0,80.71,91.0
Umluj,SA,25.0213,37.2685,1650735082.0,1.66,1005.0,66.0,79.14,3.0
Adrar,MR,20.5022,-10.0711,1650735659.0,14.36,1010.0,10.0,88.79,2.0
Kambove,CD,-10.8764,26.5969,1650735660.0,2.95,1012.0,94.0,62.8,96.0
Hermosillo,MX,29.0667,-110.9667,1650735543.0,5.99,1012.0,28.0,82.2,0.0
Talcahuano,CL,-36.7167,-73.1167,1650735663.0,6.91,1012.0,94.0,56.88,100.0
Atar,MR,20.5169,-13.0499,1650735664.0,15.26,1011.0,14.0,90.25,1.0
Margate,GB,51.3813,1.3862,1650735518.0,8.99,996.0,80.0,56.1,91.0
Saravena,CO,6.9538,-71.8752,1650735667.0,1.45,1009.0,67.0,85.19,44.0
Kushmurun,KZ,52.4503,64.6311,1650735668.0,15.14,1022.0,35.0,43.02,56.0
Woodstock,CA,43.1334,-80.7497,1650735517.0,3.0,1024.0,66.0,63.66,73.0
Muromtsevo,RU,56.3724,75.2418,1650735671.0,8.14,1024.0,80.0,24.57,72.0
Flinders,AU,-34.5833,150.8552,1650735641.0,3.0,1025.0,90.0,57.18,14.0
sunamganj,,,,,,,,,
Vila Velha,BR,-20.3297,-40.2925,1650735390.0,16.11,1009.0,62.0,91.35,0.0
Motozintla,MX,15.3667,-92.2333,1650735667.0,3.51,1014.0,53.0,77.81,15.0
Gweta,BW,-20.1833,25.2333,1650735677.0,3.11,1012.0,47.0,74.77,82.0
Al Bardīyah,LY,31.7561,25.0865,1650735678.0,6.11,1010.0,55.0,67.69,49.0
Henties Bay,NA,-22.116,14.2845,1650735680.0,13.18,1013.0,87.0,60.1,18.0
Thinadhoo,MV,0.5333,72.9333,1650735681.0,11.56,1010.0,73.0,85.03,58.0
Amarante do Maranhão,BR,-5.5667,-46.7422,1650735682.0,1.25,1009.0,83.0,80.49,78.0
lyubeshiv,,,,,,,,,
Aurillac,FR,44.9167,2.45,1650735685.0,6.91,995.0,93.0,41.88,100.0
Najrān,SA,17.4924,44.1277,1650735686.0,4.32,1010.0,19.0,84.85,80.0
Ushumun,RU,52.7833,126.5333,1650735688.0,10.56,1000.0,78.0,28.76,38.0
Shubarkuduk,KZ,49.1447,56.4872,1650735690.0,12.5,1014.0,81.0,52.2,100.0
Luganville,VU,-15.5333,167.1667,1650735692.0,4.27,1010.0,88.0,77.16,99.0
Snåase,NO,64.2457,12.3778,1650735693.0,5.7,1026.0,94.0,39.43,65.0
Linxia Chengguanzhen,CN,35.6003,103.2064,1650735695.0,7.14,1015.0,66.0,48.34,100.0
Panórama,GR,40.5878,23.0315,1650735696.0,8.05,1009.0,72.0,62.13,20.0
Atbasar,KZ,51.8,68.3333,1650735697.0,16.2,1024.0,39.0,37.71,31.0
Santa Maria,BR,-29.6842,-53.8069,1650735691.0,10.36,1010.0,59.0,65.5,20.0
Aykhal,RU,66.0,111.5,1650735700.0,3.87,1016.0,100.0,2.21,81.0
Agapovka,RU,53.2973,59.1348,1650735701.0,7.94,1021.0,48.0,45.61,94.0
Tabas,IR,33.5959,56.9244,1650735703.0,4.61,1010.0,17.0,86.22,31.0
Bonthe,SL,7.5264,-12.505,1650735704.0,13.51,1007.0,70.0,83.95,46.0
Ajdabiya,LY,30.7554,20.2263,1650735706.0,18.23,1010.0,54.0,66.47,0.0
Naze,JP,28.3667,129.4833,1650735707.0,12.62,1011.0,92.0,72.52,100.0
Guisa,CU,20.255,-76.5386,1650735708.0,8.95,1015.0,58.0,81.23,99.0
Port Augusta,AU,-32.5,137.7667,1650735710.0,4.45,1023.0,67.0,64.22,13.0
Sontra,DE,51.0667,9.9333,1650735711.0,14.09,1004.0,47.0,58.1,51.0
Nushki,PK,29.5542,66.0215,1650735713.0,4.27,1010.0,13.0,81.23,94.0
Honiara,SB,-9.4333,159.95,1650735714.0,3.2,1009.0,88.0,77.58,73.0
Chokurdakh,RU,70.6333,147.9167,1650735715.0,2.35,1013.0,100.0,-9.15,100.0
Rāwah,IQ,34.4816,41.9093,1650735717.0,5.28,1007.0,8.0,79.9,98.0
Brunsbüttel,DE,53.9,9.15,1650735718.0,14.03,1010.0,69.0,59.23,7.0
Tezu,IN,27.9167,96.1667,1650735719.0,4.0,1010.0,87.0,69.17,92.0
Chebarkul',RU,54.9749,60.3633,1650735721.0,5.37,1023.0,61.0,37.45,73.0
Verkhniy Landekh,RU,56.8389,42.5994,1650735722.0,1.43,1016.0,72.0,47.79,100.0
Onguday,RU,50.75,86.15,1650735724.0,1.1,1014.0,76.0,30.54,2.0
Kangaatsiaq,GL,68.3065,-53.4641,1650735725.0,6.98,1027.0,85.0,27.39,100.0
Assiut,EG,27.181,31.1837,1650735727.0,8.52,1006.0,11.0,80.78,1.0
Sena Madureira,BR,-9.0656,-68.6569,1650735728.0,3.87,1007.0,50.0,90.34,99.0
General Roca,AR,-39.0333,-67.5833,1650735730.0,37.6,997.0,15.0,70.63,0.0
Tarnogskiy Gorodok,RU,60.4997,43.5761,1650735731.0,3.2,1019.0,87.0,36.7,100.0
San Quintín,MX,30.4833,-115.95,1650735733.0,11.99,1017.0,57.0,62.46,1.0
Kirakira,SB,-10.4544,161.9205,1650735590.0,3.33,1009.0,80.0,79.36,85.0
Leshukonskoye,RU,64.8989,45.7622,1650735735.0,5.95,1019.0,97.0,33.06,100.0
Ndendé,GA,-2.4008,11.3581,1650735737.0,2.42,1010.0,97.0,73.58,100.0
Raahe,FI,64.6833,24.4833,1650735739.0,5.59,1025.0,90.0,41.09,55.0
Kaeo,NZ,-35.1,173.7833,1650735660.0,4.47,1019.0,94.0,51.33,28.0
